Name,2oz Price,1oz Price,1/2oz Price,Spirit
Beinn Mhor 100pf 1920's bottling,,,50,Blended scotch
Blackadder Chimera,,60,30,Blended scotch
Compass Box Affinity,,40,20,Blended scotch
Compass Box Canvas,30,15,,Blended scotch
Compass Box Glasgow Blend,,,11,Blended scotch
Compass Box Hedonism,24,12,,Blended scotch
Compass Box Juveniles,30,15,,Blended scotch
Compass Box Myths and Legends III,,40,20,Blended scotch
Compass Box No Name #2,30,15,,Blended scotch
Compass Box Peat Monster,20,10,,Blended scotch
Compass Box Peat Monster Arcana,20,10,,Blended scotch
Compass Box Spice Tree,,,18,Blended scotch
Compass Box Stranger & Stranger,40,20,10,Blended scotch
Compass Box The Circle #1,35,18,,Blended scotch
Compass Box Tobias and the Angel 2019 Release,,200,100,Blended scotch
Compass Box Vellichor,,100,50,Blended scotch
MacNair's Lum Reek 12yr Peated,,,18,Blended scotch
Monkey Shoulder,,,12,Blended scotch
Samaroli Evolution 2011,,,40,Blended scotch
Samaroli Blended Scotch 2008,80,40,20,Blended scotch
Barrell Seagrass 16yr Rye,,,30,American Rye Whiskey
Cream of Kentucky Rye,20,10,,American Rye Whiskey
Cream of Kentucky BIB Rye,22,11,,American Rye Whiskey
High West Double Rye,,,13,American Rye Whiskey
Dickel/Leopold Bros. Collaboration Rye,40,20,10,American Rye Whiskey
Elijah Craig Rye,,,12,American Rye Whiskey
Frey Ranch Rye,,,16,American Rye Whiskey
Heaven Hill Grain to Glass 2024 Rye,32,16,8,American Rye Whiskey
High West Rocky Mountain Rye 16yr,,,100,American Rye Whiskey
Hirsch Select 25yr Rye,,,100,American Rye Whiskey
Jack Daniel's Rye,,,12,American Rye Whiskey
Jack Daniel's Single Barrel Rye,,,14,American Rye Whiskey
Jack Daniels Twice Barreled Single Barrel Rye 2023,,,50,American Rye Whiskey
Jack Daniels Distillery Series Twice Barreled Rye (2024 release),,20,10,American Rye Whiskey
Laws San Luis Rye,,,14,American Rye Whiskey
Lost Republic Rye,,,12,American Rye Whiskey
Lost Republic Single Barrel Rye,20,10,,American Rye Whiskey
Lost Republic Cask Strength Rye,20,10,,American Rye Whiskey
Michter's Rye 10yr 2014 Release,,,50,American Rye Whiskey
Michter's Rye 10yr 2016 Release,,,40,American Rye Whiskey
Michter's Rye 10yr 2017 Release,,,40,American Rye Whiskey
Michter's Rye 10yr 2018 Release,,,40,American Rye Whiskey
Michter's Rye 10yr 2019 Release,,,40,American Rye Whiskey
Michter's Rye 10yr 2020 Release,,60,30,American Rye Whiskey
Michter's Rye 10yr 2021 Release,,60,30,American Rye Whiskey
Michter's Rye 10yr 2022 Release,,60,30,American Rye Whiskey
Michter's Rye 10yr 2023 Release,,60,30,American Rye Whiskey
Michter's Rye 10yr 2024 Release,,60,30,American Rye Whiskey
Michter's Rye 25yr 2011 1st Release,,,500,American Rye Whiskey
Michter's Barrel Strength Rye 2015 1st Release,,,50,American Rye Whiskey
Michter's Barrel Strength Rye 2021,,,20,American Rye Whiskey
Michter's Barrel Strength Rye 2024,60,30,15,American Rye Whiskey
Michter's Toasted Barrel Strength Rye 2023,60,30,15,American Rye Whiskey
Michter's Rye US1,,,15,American Rye Whiskey
Old Carter Rye Batch #4,,40,20,American Rye Whiskey
Old Carter Rye Batch #5,,40,20,American Rye Whiskey
Old Carter Rye Batch #6,,40,20,American Rye Whiskey
Old Carter Rye Batch #7,,40,20,American Rye Whiskey
Old Carter Rye Batch #8,,40,20,American Rye Whiskey
Old Carter Rye Batch #9,,40,20,American Rye Whiskey
Old Carter Rye Batch #12,,40,20,American Rye Whiskey
Old Carter Rye Batch #14,,40,20,American Rye Whiskey
Old Overholt 10yr Rye 2023,,60,30,American Rye Whiskey
Old Overholt 10yr Cask Strength Rye,80,40,20,American Rye Whiskey
Old Overholt Rye 11yr 2009 Release,,,40,American Rye Whiskey
Parker's Heritage Rye 8yr,,,40,American Rye Whiskey
Pikesville Rye,,,13,American Rye Whiskey
Rabbit Hole Rye,16,8,,American Rye Whiskey
Redwood Empire Emerald Giant Rye,,,15,American Rye Whiskey
Rittenhouse 100pf Rye,,,11,American Rye Whiskey
Russell's Reserve 6yr Rye,,,13,American Rye Whiskey
Russell's Reserve Single Barrel 104pf,16,8,,American Rye Whiskey
Savage & Cooke Lip Service Rye,,,13,American Rye Whiskey
Sazerac Rye,,,13,American Rye Whiskey
Sentinel Straight Rye,,,11,American Rye Whiskey
Smooth Ambler Contradiction Rye,,,13,American Rye Whiskey
Stellum Rye,,,15,American Rye Whiskey
Subtle Spirits Mystic Oak 7yr Rye,,40,20,American Rye Whiskey
Subtle Spirits Quixotic Straight Rye,,40,20,American Rye Whiskey
Thomas H. Handy Sazerac Rye 2010 Release,,,150,American Rye Whiskey
Vintage Rye 23yr,,,200,American Rye Whiskey
Whistle Pig Piggyback 6yr Rye,,,14,American Rye Whiskey
Whistle Pig 10yr Rye,,,18,American Rye Whiskey
Whistle Pig Old World 12yr,21,11,,American Rye Whiskey
Widow Jane American Oak Rye,,,18,American Rye Whiskey
Wild Turkey 101 Rye,,,12,American Rye Whiskey
Wild Turkey Master's Keep Triumph 10yr Rye 2024 Release,80,40,20,American Rye Whiskey
Wilderness Trail Rye,,,13,American Rye Whiskey
"Willett 3yr Rye Barrel #125 115.3pf ""Block Letter""",,,75,American Rye Whiskey
Willett Family Estate 4yr Rye Cask Strength,,20,10,American Rye Whiskey
Willett Family Estate Single Barrel 4yr Rye 110pf Barrel #135,60,30,15,American Rye Whiskey
Willett Family Estate Single Barrel Rye 7yr,,120,60,American Rye Whiskey
Willett Family Estate Single Barrel Rye 7yr Delta Breeze,,60,30,American Rye Whiskey
Willett Family Estate Single Barrel Rye 7yr Dock of the Bay,,100,50,American Rye Whiskey
Willett Family Estate Single Barrel Rye 7yr I Got Rye On It,,40,20,American Rye Whiskey
Willett Family Estate Single Barrel Rye 8yr 2017,,40,20,American Rye Whiskey
Willett Family Estate Single Barrel Rye 8yr 2022,,100,50,American Rye Whiskey
Willett Small Batch 4yr Rye 109pf,,30,15,American Rye Whiskey
Willett Small Batch 4yr Rye 113.8pf,,30,15,American Rye Whiskey
Willett Small Batch 4yr Rye 126pf,,40,20,American Rye Whiskey
Willett Small Batch 10yr Rye,,100,50,American Rye Whiskey
Woodford Reserve Rye,,,13,American Rye Whiskey
Wright & Brown Straight Rye,,,15,American Rye Whiskey
Wright & Brown Cask Strength Rye,22,11,,American Rye Whiskey
1792 Full Proof Bourbon,,,18,Bourbon
1792 Small Batch Bourbon,,,12,Bourbon
Baker's,,,14,Bourbon
Barrell Bourbon,23,12,,Bourbon
Barrell Bourbon Batch #035,22,11,,Bourbon
Barrell Bourbon 15yr Cask Strength,,60,30,Bourbon
Basil Hayden,,,14,Bourbon
Bomberger's 2020 Bourbon,,40,20,Bourbon
Bomberger's 2021 Bourbon,,40,20,Bourbon
Bomberger's 2022 Bourbon,,40,20,Bourbon
Bomberger's 2023 Bourbon,,40,20,Bourbon
Bomberger's 2024 Bourbon,,40,20,Bourbon
Bond and Lillard,,,18,Bourbon
Booker's Mighty Fine 6yr,,40,20,Bourbon
Booker's 30th Anniversary,,,100,Bourbon
Colonel E.H. Taylor Single Barrel,,30,15,Bourbon
Colonel E.H. Taylor Barrel Proof 127.3pf,,40,20,Bourbon
Corner Creek 90s/2000s Blended and bottled at KBD,,30,15,Bourbon
Cream of Kentucky Cask Strength,20,10,,Bourbon
Cream of Kentucky Small Batch,20,10,,Bourbon
Cream of Kentucky 7.5yr,26,13,,Bourbon
Cream of Kentucky 11.5yr,,30,15,Bourbon
Cream of Kentucky 12.3yr,,30,15,Bourbon
Cream of Kentucky 16yr,,,50,Bourbon
David Nicholson 1843 Bourbon,,20,10,Bourbon
Dread River Bourbon 1st Release,,30,15,Bourbon
Dickel Bourbon 8yr,,,12,Bourbon
Elijah Craig Goose Island Beer Barrel Finished 94pf Grenade 2021 (Distillery Only),,40,20,Bourbon
Elijah Craig Barrel Select 125pf Grenade 2021 (Distillery Only),,40,20,Bourbon
Elijah Craig 18yr Single Barrel,,40,20,Bourbon
Elijah Craig 21yr Single Barrel,,,100,Bourbon
Elijah Craig 23yr 2017,,400,200,Bourbon
Elijah Craig Barrel Proof 118.2pf,20,10,,Bourbon
Elijah Craig Barrel Proof 120.2pf,20,10,,Bourbon
Elijah Craig Barrel Proof 123.6pf,20,10,,Bourbon
Elijah Craig Small Batch,,,12,Bourbon
Elijah Craig Small Batch 12yr,30,15,,Bourbon
Evan Williams Pre fire BIB (distilled or bottled before 1996) Pint,,60,30,Bourbon
Evan Williams Pre fire (distilled or bottled before 1996) Single Barrel 1992,,,30,Bourbon
Evan Williams Single Barrel 10yr Anniversary Barrel #1,,,50,Bourbon
Evan Williams Single Barrel 10yr Anniversary Barrel #2,,,50,Bourbon
Evan Williams Single Barrel 10yr Anniversary Barrel #3,,,50,Bourbon
Evan Williams 23yr Distillery Only 1rst Release signed by Parker Beam,,,100,Bourbon
Evan Williams 8yr 86pf Pre Fire 1995,80,40,20,Bourbon
Evan Williams NAS 86pf Pre Fire 1997,100,50,25,Bourbon
Four Roses 130th Anniversary 2018 Release,,,80,Bourbon
Four Roses 135th Anniversary 2023 Release,,100,50,Bourbon
Four Roses early 1990s Japanese Release,,,25,Bourbon
Four Roses Japanese Platinum,,30,15,Bourbon
Four Roses Limited Edition 2017 Release,,,20,Bourbon
Four Roses Limited Edition 2020 Release,,,20,Bourbon
Four Roses Limited Edition 2021 Release,,,20,Bourbon
"Four Roses 2011 ""Ledger's Liquors"" Barrel Pick 125pf",,,30,Bourbon
Four Roses Single Barrel,,,14,Bourbon
Four Roses Single Barrel Reserve 1980s,,,50,Bourbon
Four Roses Small Batch,,,12,Bourbon
Four Roses Small Batch Select,,,16,Bourbon
Four Roses Yellow Label,,,11,Bourbon
Frank August Small Batch 100pf,20,10,,Bourbon
Frank August Case Study #01 Mizunara,40,20,10,Bourbon
Frey Ranch Bourbon,,,14,Bourbon
George T. Stagg,300,150,75,Bourbon
Heaven Hill Brown Label Pre fire (distilled or bottled before 1996) 86pf Pint,,60,30,Bourbon
Heaven Hill Gold Label Pre fire (distilled or bottled before 1996) 86pf Liter,,80,40,Bourbon
Heaven Hill White Label Pre fire (distilled or bottled before 1996) 750ml,,50,25,Bourbon
Heaven Hill 6yr Kentucky Only Release,,40,20,Bourbon
Heaven Hill 12yr 101pf Japanese Import,,40,20,Bourbon
Heaven Hill 12yr Cadenhead Bottling Squat,,60,30,Bourbon
Heaven Hill 12yr Cadenhead Bottling Tall,120,60,30,Bourbon
Heaven Hill Heritage Series 17yr,,100,50,Bourbon
Heaven Hill Heritage Series 18yr,,100,50,Bourbon
Heaven Hill Heritage Series 20yr,,80,40,Bourbon
Heaven Hill Heritage Series 27yr,,,150,Bourbon
Virgin Bourbon 7yr 101 pf Heaven Hill discontinued in 2019,40,20,10,Bourbon
Heaven Hill Bottled in Bond,,,13,Bourbon
Heaven Hill Grain to Glass 2024 Bourbon,32,16,8,Bourbon
Heaven Hill Grain to Glass 2024 Wheated Bourbon,32,16,8,Bourbon
Heaven Hill Select Stock 9yr (Distillery only) 51% Malt 49% Corn,,60,30,Bourbon
Henry McKenna 10yr,,,17,Bourbon
High West Bourbon,,,13,Bourbon
Hunt and Gather 15yr 2005,,,30,Bourbon
Jefferson's Grand Reserve Sauternes Finish,,,40,Bourbon
Jefferson's Ocean,,,18,Bourbon
Johnny Drum Private Stock,,,15,Bourbon
Kentucky Vintage,,,13,Bourbon
Kentucky Vintage 17yr,,,200,Bourbon
Knob Creek 9yr Small Batch,,,14,Bourbon
Knob Creek 18yr,,40,20,Bourbon
Knob Creek 25th Anniversary,,40,20,Bourbon
Larceny,,,12,Bourbon
Larceny Barrel Proof 126.6pf,,,15,Bourbon
Law's Four Grain Bourbon,,,14,Bourbon
Little Book 2023,,,30,Bourbon
Lost Republic Bourbon,,,12,Bourbon
Lost Republic Cask Strength Bourbon,20,10,,Bourbon
Lux Row Double Barrel 12yr 2006 Release,,,80,Bourbon
Maker's Mark,,,12,Bourbon
Maker's Mark BEP 109.6 2023,,26,13,Bourbon
Maker's Mark Cellar Aged 2023,,,50,Bourbon
Maker's Mark Cellar Aged 2024,,,50,Bourbon
Maker's Mark The Heart Release 2024,20,,,Bourbon
Michter's Bourbon 10yr 2012 Release,,,100,Bourbon
Michter's Bourbon 10yr 2013 Release,,,100,Bourbon
Michter's Bourbon 10yr 2014 Release,,,100,Bourbon
Michter's Bourbon 10yr 2015 Release,,,60,Bourbon
Michter's Bourbon 10yr 2016 Release,,,60,Bourbon
Michter's Bourbon 10yr 2017 Release,,,60,Bourbon
Michter's Bourbon 10yr 2018 Release,,,60,Bourbon
Michter's Bourbon 10yr 2019 Release,,,40,Bourbon
Michter's Bourbon 10yr 2020 Release,,,40,Bourbon
Michter's Bourbon 10yr 2021 Release,,,30,Bourbon
Michter's Bourbon 10yr 2023 Release,,,40,Bourbon
Michter's 10yr Bourbon 2024 Release,40,20,,Bourbon
Michter's Bourbon 20yr 2015 Release,,,500,Bourbon
Michter's Bourbon 20yr 2021 Release,,,200,Bourbon
Michter's Bourbon 25yr 2008 1st Release,,,500,Bourbon
Michter's Toasted Barrel Bourbon 2017 Japanese Release,,,40,Bourbon
"Michter's Barrel Strength Bourbon ""Fort Nelson Reserve"" 110.2pf Distillery Only",,,50,Bourbon
Michter's Bourbon US1,,,15,Bourbon
Noah's Mill,,,18,Bourbon
Old Bardstown Estate Bottled,,,14,Bourbon
Old Bardstown White Label,,,12,Bourbon
Old Carter Bourbon Batch #1,,40,20,Bourbon
Old Carter Bourbon Batch #3,,40,20,Bourbon
Old Carter Bourbon Batch #4,,40,20,Bourbon
Old Carter Bourbon Batch #5,,40,20,Bourbon
Old Carter Bourbon Batch #6,,40,20,Bourbon
Old Carter Bourbon Batch #7,,40,20,Bourbon
Old Carter Bourbon Batch #8,,40,20,Bourbon
Old Carter Bourbon Batch #9,,40,20,Bourbon
Old Carter Bourbon Batch #10,,40,20,Bourbon
Old Carter Bourbon Batch #11,,40,20,Bourbon
Old Carter Bourbon Batch #12,,40,20,Bourbon
Old Carter Bourbon Batch #14,,40,20,Bourbon
Old Carter Bourbon Batch #15,,40,20,Bourbon
Old Carter Bourbon Batch #16,,40,20,Bourbon
Old Carter Bourbon Barrel #39,,40,20,Bourbon
Old Carter Bourbon CA-1,,60,30,Bourbon
Old Carter Bourbon CA-3,,40,20,Bourbon
AD Rattray Cooley 12yr,,30,15,Irish Whiskey
Blue Spot 7yr,40,20,10,Irish Whiskey
Celtic Cask 1996 Aon 16yr,,60,30,Irish Whiskey
Greenore Single Grain 8yr,40,20,10,Irish Whiskey
Green Spot,,,19,Irish Whiskey
Green Spot Chateau Leoville,,20,10,Irish Whiskey
Green Spot Chateau Montelena,,20,10,Irish Whiskey
Green Spot Quail's Gate,,20,10,Irish Whiskey
Jameson,,,11,Irish Whiskey
Murray McDavid 1992 Cooley,,40,20,Irish Whiskey
The Pogues,,20,10,Irish Whiskey
The Pogues Single Malt,,20,10,Irish Whiskey
Red Spot 15yr,40,20,10,Irish Whiskey
Redbreast 12yr,,,18,Irish Whiskey
Redbreast 12yr Cask Strength,28,14,,Irish Whiskey
Redbreast 21yr,50,25,13,Irish Whiskey
Slane,,,11,Irish Whiskey
Teeling Single Grain,,,12,Irish Whiskey
Teeling Single Malt,,,14,Irish Whiskey
Teeling Small Batch,,,12,Irish Whiskey
Tullamore Dew,,,11,Irish Whiskey
Tullamore Dew 18yr Single Malt,20,10,,Irish Whiskey
Tyrconnell Madeira Finish,25,13,,Irish Whiskey
Tyrconnell Sherry Finish,25,13,,Irish Whiskey
Wild Geese Irish Soldiers & Heroes Single Malt,25,13,,Irish Whiskey
Yellow Spot 12yr,30,15,,Irish Whiskey
Balcones Lineage Texas Single Malt Whisky,,,12,American Whiskey
Barrell Whiskey Batch 4 11yr,,,18,American Whiskey
Charbay I Release,,300,150,American Whiskey
Charbay II Release,,300,150,American Whiskey
Charbay III Release,,200,100,American Whiskey
Charbay IV Release,,200,100,American Whiskey
Charbay V Release,,200,100,American Whiskey
George Dickel Barrel Select,,,12,American Whiskey
George Dickel 17yr Bourbon,,50,25,American Whiskey
George Dickel Sour Mash 9yr Small Batch,,,12,American Whiskey
High West 14yr Light Whiskey,200,100,50,American Whiskey
Jack Daniel's Black Label #07,,,11,American Whiskey
Jack Daniel's 12yr,,,30,American Whiskey
Jack Daniel's 10yr,,,20,American Whiskey
Jack Daniel's Bonded,,,12,American Whiskey
Jack Daniel's Coy Hill 142.3,,,60,American Whiskey
Jack Daniel's Single Barrel Barrel Proof 128.8,,20,10,American Whiskey
Jack Daniel's Distillery Series Barrel Reunion #1,,30,15,American Whiskey
Jack Daniel's Distillery Series Toasted Pecan,,,25,American Whiskey
Jack Daniel's Distillery Series Hickory Smoked,,30,15,American Whiskey
Jack Daniel's Maple Wood Finish,,30,15,American Whiskey
Jack Daniel's 150th Anniversary,,,50,American Whiskey
Jack Daniel's Angelo Lucchesi commemorating his 90th Birthday,,,50,American Whiskey
Jack Daniel's Eric Church Single Barrel Selection,,,30,American Whiskey
Jack Daniel's Sinatra Select U.S.A. Release,,60,30,American Whiskey
Jack Daniel's Sinatra Select U.K. Release,,60,30,American Whiskey
Jack Daniel's Single Barrel 2008 Release,,50,25,American Whiskey
Jack Daniel's Single Barrel 2014 Release,,60,30,American Whiskey
Jack Daniel's Single Barrel Select,,,14,American Whiskey
Jack Daniel's Twice Barreled,40,20,10,American Whiskey
Michter's American US1,,,15,American Whiskey
Michter's Sour Mash 30yr Celebration 1st Release,,,500,American Whiskey
Michter's Sour Mash US1,,,15,American Whiskey
Michter's Sour Mash US1 Toasted Barrel Sour Mash 2022,,30,15,American Whiskey
Michter's Toasted Barrel Finished Japanese Release 2017,,80,40,American Whiskey
Mosswood 10yr Anniversary,,40,20,American Whiskey
Mosswood Apple Brandy Barrel,,,12,American Whiskey
Mosswood CA Sour Ale Barrel,,,12,American Whiskey
Mosswood Espresso Barrel,,,12,American Whiskey
Mosswood Eureka,20,10,,American Whiskey
Nelson's Green Brier Tennessee,,,12,American Whiskey
Nelson's Reserve,16,8,,American Whiskey
Old Carter American Batch #2,,40,20,American Whiskey
Old Carter American Batch #3,,40,20,American Whiskey
Old Carter American Batch #4,,40,20,American Whiskey
Old Carter American Batch #5,,40,20,American Whiskey
Old Carter American Batch #6,,40,20,American Whiskey
Old Carter American Batch #7,,40,20,American Whiskey
Old Carter American Batch #8,,40,20,American Whiskey
Old Carter American Batch #9,,40,20,American Whiskey
Old Carter American Batch #10,,40,20,American Whiskey
Old Carter Kentucky Batch #1,,,50,American Whiskey
Old Carter Kentucky Bourbon Barrel #9,,40,20,American Whiskey
Old Carter Kentucky Bourbon Barrel #20,,40,20,American Whiskey
Old Carter Kentucky Bourbon Barrel #43,,40,20,American Whiskey
Old Carter Kentucky Bourbon Barrel #47,,40,20,American Whiskey
Old Carter Kentucky Bourbon Barrel #54,,40,20,American Whiskey
Old Carter Kentucky Bourbon Barrel #63,,40,20,American Whiskey
Old Carter Kentucky Bourbon Barrel #67,,40,20,American Whiskey
Old Carter Kentucky Bourbon Barrel #95,,40,20,American Whiskey
Old Crow 1970s/1980s Antique,,40,20,American Whiskey
Old Fitzgerald 8yr Spring 2021,,,30,American Whiskey
Old Fitzgerald 9yr Spring 2020,,,30,American Whiskey
Old Fitzgerald 9yr Fall 2018,,,30,American Whiskey
Old Fitzgerald 10yr Spring 2020,,,50,American Whiskey
Old Fitzgerald 11yr Fall 2021,,,30,American Whiskey
Old Fitzgerald 13yr Spring 2019,,,30,American Whiskey
Old Fitzgerald 13yr VVS Distillery Only 2024,,200,100,American Whiskey
Old Fitzgerald 14yr Fall 2020,,,30,American Whiskey
Old Fitzgerald 14yr VVS Distillery Only 2018,,,75,American Whiskey
Old Fitzgerald 15yr Fall 2019,,,40,American Whiskey
Old Fitzgerald 16yr VVS Distillery Only 2020,,,80,American Whiskey
Old Fitzgerald 17yr Spring 2022,,,50,American Whiskey
Old Fitzgerald 19yr Fall 2022,,,60,American Whiskey
John E Fitzgerald 20yr,,,125,American Whiskey
Old Fitzgerald Prime,,40,20,American Whiskey
Old Forester 86pf,,,12,American Whiskey
Old Forester 90pf,,,12,American Whiskey
Old Forester 100pf,,,12,American Whiskey
Old Forester 115pf,,,12,American Whiskey
Old Forester Birthday Bourbon 2022,,100,50,American Whiskey
Old Pepper 10yr,,40,20,American Whiskey
Old Pogue Master's Select 1rst Release,,40,20,American Whiskey
Old Rip Van Winkle 10yr 2021,,,30,American Whiskey
Old Rip Van Winkle 10yr 2022,,,30,American Whiskey
Old Taylor 1970s Antique,,,40,American Whiskey
Orphan Barrel Barterhouse 20yr,,,50,American Whiskey
Orphan Barrel Copper Tongue 16yr,,40,20,American Whiskey
Orphan Barrel Gied Horse,,40,20,American Whiskey
Orphan Barrel Forged Oak 15yr,,,30,American Whiskey
Orphan Barrel Rhetoric 21yr,,,50,American Whiskey
Orphan Barrel Rhetoric 22yr,,100,50,American Whiskey
Parker's Heritage Bourbon 11yr,,,20,American Whiskey
Parker's Heritage Double Barrel Bourbon,,,30,American Whiskey
Parker's Heritage Curaçao Finish Bourbon,,,30,American Whiskey
Parker's Heritage Heavy Char Bourbon 10yr,,,30,American Whiskey
Pure Kentucky,,,13,American Whiskey
Redwood Empire Grizzly Beast Bottled in Bond,20,10,,American Whiskey
Redwood Empire Pipe Dream,,,15,American Whiskey
Rowan's Creek,,,14,American Whiskey
Russell's Rickhouse Camp Nelson C,,,50,American Whiskey
Russell's Rickhouse Camp Nelson F,,,50,American Whiskey
Russell's Reserve Single Barrel 110pf,20,10,,American Whiskey
Russell's Reserve 13yr LL/LC May 2023 Release,,40,20,American Whiskey
Russell's Reserve 15yr 2024 Release,100,50,25,American Whiskey
Russell's Reserve 10yr,,,13,American Whiskey
Rabbit Hole Cavehill Bourbon,16,8,,American Whiskey
Rabbit Hole Heingold Bourbon,16,8,,American Whiskey
Rabbit Hole PX finished Bourbon,16,8,,American Whiskey
Rabbit Hole Heigold Single Barrel Cask Strength 109.5pf,,30,15,American Whiskey
Smooth Ambler Contradiction,,,14,American Whiskey
Smooth Ambler Old Scout,,,14,American Whiskey
St. George B&E Bourbon 2011 1st Release,,60,30,American Whiskey
Stagg Jr. Lot #16 130.9pf,,,20,American Whiskey
Stagg Jr. Lot #17 128.7pf,,,20,American Whiskey
Stellum Bourbon,,,15,American Whiskey
Subtle Spirits Prodigal Son 6.5yr,,40,20,American Whiskey
Very Old Barton 6yr 2012 Release,,30,15,American Whiskey
Very Old St. Nick Japanese Release Lot#12,,80,40,American Whiskey
W.L. Weller Special Reserve,15,,,American Whiskey
W.L. Weller Antique,60,30,15,American Whiskey
W.L Weller 12yr,80,40,20,American Whiskey
W.L. Weller Single Barrel,,60,30,American Whiskey
W.L. Weller Full Proof,,50,25,American Whiskey
W.L. Weller C.Y.P.B (Cra Your Perfect Bourbon),120,60,30,American Whiskey
Widow Jane 10yr American Oak,22,11,,American Whiskey
Widow Jane Baby Bourbon,,,13,American Whiskey
Wild Turkey 101pf,,,11,American Whiskey
Wild Turkey Rare Breed,,,15,American Whiskey
Wild Turkey Decades Signed by Jimmy Russell,,40,20,American Whiskey
Wild Turkey Master's Keeper Voyager,,50,25,American Whiskey
Wild Turkey Generations,,80,40,American Whiskey
Wilderness Trail 6yr,,,19,American Whiskey
Wilderness Trail Small Batch,,,13,American Whiskey
Wilderness Trail Wheated,,,14,American Whiskey
Willett 8yr Wheated Potstill Black Bottle Bourbon,,60,30,American Whiskey
Willett Potstill Reserve,,,14,American Whiskey
"Willett Family Estate Single Barrel Bourbon 4yr Reserve ""Block Letter""",,,100,American Whiskey
Willett Family Estate Single Barrel 122.4pf 5yr Bourbon,,100,50,American Whiskey
Willett Family Estate Single Barrel Bourbon 5yr #7231 116.4pf,,,40,American Whiskey
Willett Family Estate Single Barrel Bourbon 6yr,,,40,American Whiskey
Willett Family Estate Single Barrel Bourbon 8yr Stuck in Lodi,,,100,American Whiskey
Willett Family Estate Single Barrel Bourbon 10yr Hardwater Collection,,,150,American Whiskey
Willett Family Estate Single Barrel Bourbon 11yr,,100,50,American Whiskey
Willett Family Estate Single Barrel Bourbon 13yr Barrel #1295 119.2pf,,80,40,American Whiskey
Willett Family Estate Single Barrel Bourbon 19yr,,,500,American Whiskey
"Willett Family Estate Single Barrel Bourbon 20yr ""Block Letter""",,,500,American Whiskey
"Willett Family Estate Single Barrel Bourbon 21yr ""Block Letter""",,,500,American Whiskey
Willett 80th Anniversary,,,50,American Whiskey
William Heavenhill 18yr June 2008 1rst edition signed by Parker Beam,,,200,American Whiskey
William Heavenhill 11yr June 2014 3rd edition,,,100,American Whiskey
William Heavenhill 16yr May 2018 6th edition,,,100,American Whiskey
William Heavenhill 13yr June 2020 8th edition,,,100,American Whiskey
William Heaven Hill 17yr October 2023 10th edition,,100,50,American Whiskey
Woodford Reserve,,,13,American Whiskey
Woodford Reserve Double Oaked,,,15,American Whiskey
Woodford Reserve Master's Collection,30,15,,American Whiskey
Wright & Brown Straight Bourbon,,,15,American Whiskey
Wright & Brown Distiller's Pick Heritage Bourbon,30,15,,American Whiskey
Yellowstone Bourbon,,,12,American Whiskey
Aguerrido Artesanal Papalote Antonio Sonido,24,12,,Mezcal
Aguerrido Artesanal Papalote Benigno Sanchez Gatica,30,15,,Mezcal
Aguerrido Artesanal Papalote Refugio Calzada Hernandez,24,12,,Mezcal
Aguerrido Artesanal Papalote Tomas Gutierrez,24,12,,Mezcal
Banhez Artesanal Arroqueño,22,11,,Mezcal
Banhez Artesanal Jabali,30,15,,Mezcal
Banhez Artesanal Pechuga,20,10,,Mezcal
Banhez Artesanal Tepeztate,20,10,,Mezcal
Banhez Artesanal Tobala,25,13,,Mezcal
Bozal Borrego,23,12,,Mezcal
Bozal Guias Calabraza Sacrificio,26,13,,Mezcal
Bozal Castilla,20,10,,Mezcal
Bozal Cempasuchil Ancestral Reserva,40,20,10,Mezcal
Bozal Cenizo,34,17,,Mezcal
Bozal Chino Verde,20,10,,Mezcal
Bozal Cuishe,,,18,Mezcal
Bozal Ensamble,,,14,Mezcal
Bozal Madrecuishe,,,15,Mezcal
Bozal Tobala,22,11,,Mezcal
Bozal Tobasiche,20,10,,Mezcal
Bruxo No. 1 Espadin,,,13,Mezcal
Bruxo No. 2 Pechuga,,,16,Mezcal
Bruxo No. 3 Barril,,,18,Mezcal
Bruxo No. 4 Ensamble,21,11,,Mezcal
Bruxo No. 5 Tobala,23,12,,Mezcal
Cinco Sentidos Azul y Pichomel,,30,15,Mezcal
Cinco Sentidos Candelillo,,40,20,Mezcal
Cinco Sentidos Pichomel y Papalome,,40,20,Mezcal
Cinco Sentidos Pizorra,,30,15,Mezcal
Creador Espadin Capon,32,16,8,Mezcal
Creador Espadin Lumbre,32,16,8,Mezcal
Creador Lumbre,32,16,8,Mezcal
Creador Mexicano,40,20,10,Mezcal
Del Maguey 100% Tobala,30,15,,Mezcal
Del Maguey Arroqueño,25,13,,Mezcal
Del Maguey Chichicapa,20,10,,Mezcal
Del Maguey Iberico,46,23,12,Mezcal
Del Maguey Las Milpas,21,11,,Mezcal
Del Maguey Madrecuixe,25,13,,Mezcal
Del Maguey Minero,20,10,,Mezcal
Del Maguey San Jose Rio Minas,25,13,,Mezcal
Del Maguey San Luis del Rio,,,18,Mezcal
Del Maguey San Luis del Rio 20yr Bourbon Cask Finish,,60,30,Mezcal
Del Maguey San Pablo Ameyaltepec,25,13,,Mezcal
Del Maguey Wild Jabali,28,14,,Mezcal
Del Maguey Wild Papalome,26,13,,Mezcal
Del Maguey Wild Tepextate,26,13,,Mezcal
Del Maguey Vida de Muertos,,,14,Mezcal
Derrumbes Michoacan,23,12,,Mezcal
Derrumbes San Luis Potosi,25,13,,Mezcal
El Jolgorio Cuishe,25,13,,Mezcal
El Jolgorio Espadin,20,10,,Mezcal
El Jolgorio Madrecuishe,25,13,,Mezcal
El Jolgorio Mexicano,34,17,,Mezcal
El Jolgorio Pechuga,27,14,,Mezcal
El Jolgorio Tepeztate,38,19,,Mezcal
El Mero Mero Tepextate,28,14,,Mezcal
El Mero Mero Tobala,22,11,,Mezcal
Fidencio Pechuga,24,12,,Mezcal
Historias del Mal de Amor Cuishe,22,11,,Mezcal
Historias del Mal de Amor Madrecuishe + Coyote,22,11,,Mezcal
Historias del Mal de Amor Cuishe + Tepeztate,25,13,,Mezcal
Historias del Mal de Amor Tepeztate,28,14,,Mezcal
Historias y Memorias Espadin,24,12,,Mezcal
Koch El Artesanal Tepeztate,20,10,,Mezcal
Koch El Artesanal Tobala,20,10,,Mezcal
Koch El Artesanal Tobasiche,20,10,,Mezcal
Koch El Artesenal Arroqueño,26,13,,Mezcal
Koch Barril,26,13,,Mezcal
Koch Coyote,36,18,,Mezcal
Koch Lumbre,26,13,,Mezcal
Legendario Domingo Michoacan Alto & Cenizo Ensamble,22,11,,Mezcal
Legendario Domingo Guerrero Cupreata (Papalote),,,15,Mezcal
Legendario Domingo Oaxaca Espadin,,,13,Mezcal
Leyenda Durango,24,12,,Mezcal
Leyenda Durango Vinata Solar,22,11,,Mezcal
Leyenda Guerrero Ancho,,,18,Mezcal
Leyenda Oaxaca Espadin,,,18,Mezcal
Leyenda Puebla Pichumel,28,14,,Mezcal
Leyenda San Luis Potosi Verde,,,14,Mezcal
Los Javis Cerrudo,38,19,,Mezcal
Los Javis Tepeztate,34,17,,Mezcal
Los Javis Tobala,34,17,,Mezcal
Maestros de Mezcal Cuish,40,20,10,Mezcal
Mal Bien Ciro + Javier Barranca Capón Papalote,28,14,,Mezcal
Mal Bien Ciro + Javier Barranca Papalote,24,12,,Mezcal
Mal Bien Tomas + Emiliano Gutierrez Papalote,21,11,,Mezcal
Mal Bien Refugio Calzada Papalote,23,12,,Mezcal
Neta Bicuixe,25,13,,Mezcal
Neta Bicuixe House Blend,,20,10,Mezcal
Neta Ensamble,30,15,,Mezcal
Neta Espadin Tomas Cruz,,30,15,Mezcal
Neta Espadin,,30,15,Mezcal
Neta Jabalin,,30,15,Mezcal
Neta Madrecuixe,25,13,,Mezcal
"Neta Madrecuixe ""Unknown""",,30,15,Mezcal
Peleton de la Muerte Cenizo,,,15,Mezcal
Peleton de la Muerte Criollo Espadin,,,13,Mezcal
QQRQ Cafe,24,12,,Mezcal
QQRQ Mole,22,11,,Mezcal
Quiereme Cuishe,20,10,,Mezcal
Quiereme Espadin,16,8,,Mezcal
Quiereme Tepeztate,22,11,,Mezcal
Quiereme Tobala,22,11,,Mezcal
Real Minero Espadin,25,13,,Mezcal
Real Minero Largo,,20,10,Mezcal
Real Minero Pechuga,,26,13,Mezcal
Real Minero Tobala,28,14,,Mezcal
Rey Campero Cuishe,25,13,,Mezcal
Rey Campero Espadin,,,15,Mezcal
Rey Campero Madre Cuishe,25,13,,Mezcal
Rey Campero Mexicano,25,13,,Mezcal
Rey Campero Tepextate + Cuishe + Espadin,23,12,,Mezcal
Rezpiral Mexicanito,30,15,,Mezcal
Rezpiral Tepeztate,30,15,,Mezcal
Siete Misterios Barril,22,11,,Mezcal
Siete Misterios Doba-La,26,13,,Mezcal
Siete Misterios Doba-Yej,28,14,,Mezcal
Siete Misterios Ensamble,,,18,Mezcal
Siete Misterios Pechuga 2019 Release,,30,15,Mezcal
Tres Papalote Cupreata,,,16,Mezcal
Siete Misterios Olla de Barro Espadin,23,12,,Mezcal
Vago Cuixe,25,13,,Mezcal
Vago Elote by Hijos de Aquilino Garcia Pechuga,,,15,Mezcal
Vago Ensamble,23,12,,Mezcal
Vago Espadin Barriga,,,14,Mezcal
Vago Espadin Jarquin,,,15,Mezcal
Vago Madre Cuixe Mexicano Golden State Warriors LE,,,20,Mezcal
Vago Madrecuixe,25,13,,Mezcal
Vago Tobala,36,18,,Mezcal
Wahaka Durango,,40,20,Mezcal
Wahaka Espadin,30,15,,Mezcal
Wahaka Guajalote con Fruta,,,20,Mezcal
Wahaka Joven Ensamble,22,11,,Mezcal
Wahaka Mexico,,,20,Mezcal
Wahaka Puebla,,,20,Mezcal
Xicaru Pechuga Mole,,,16,Mezcal
Yuu Baal Madrecuishe 375ml Release,,,13,Mezcal
Yuu Baal Madrecuixe,25,13,,Mezcal
Yuu Baal Pechuga,,,16,Mezcal
Yuu Baal Tepeztate,26,13,,Mezcal
Yuu Baal Tepeztate 375ml Release,,,13,Mezcal
Yuu Baal Tobala 375ml Release,,,16,Mezcal
A.D. Rattray Auchroisk 24yr,,30,15,Scotch Whiskey
A.D. Rattray Bowmore 13yr,,30,15,Scotch Whiskey
A.D. Rattray Cask Islay,,,16,Scotch Whiskey
A.D. Rattray Cask Orkney 18yr,40,20,10,Scotch Whiskey
A.D. Rattray Dailuaine 17yr,,30,15,Scotch Whiskey
A.D. Rattray Glenburgie 13yr,,30,15,Scotch Whiskey
A.D. Rattray Mannochmore 11yr,,30,15,Scotch Whiskey
A.D. Rattray Mortlach 22yr,,40,20,Scotch Whiskey
A.D. Rattray Stronachie 10yr,20,10,,Scotch Whiskey
Aberlour 12yr,,,17,Scotch Whiskey
Alexander Murray 1994 Highland 19yr,,60,30,Scotch Whiskey
Alexander Murray 1994 Mortlach 16yr,,60,30,Scotch Whiskey
Ardbeg 10yr,,,18,Scotch Whiskey
Ardbeg Ardcore,50,25,13,Scotch Whiskey
Ardbeg Auriverdes 2014 Brasil World Cup Edition,,50,25,Scotch Whiskey
Ardbeg Corryvreckan,20,10,,Scotch Whiskey
Ardbeg Supernova 2019 Release,,40,20,Scotch Whiskey
Ardbeg Wee Beastie,,,16,Scotch Whiskey
Ardnamurchan,,,18,Scotch Whiskey
Ardnamurchan Cask Strength,23,12,,Scotch Whiskey
Balvenie Caribbean Cask 14yr,26,13,,Scotch Whiskey
Balvenie Doublewood 12yr,20,10,,Scotch Whiskey
Balvenie PortWood 21yr,,40,20,Scotch Whiskey
BenRiach 10yr,,,15,Scotch Whiskey
BenRiach Peated 1994,,,30,Scotch Whiskey
Bladnoch Adela 15yr Oloroso Cask,30,15,,Scotch Whiskey
Bladnoch Vinaya Sherry & Bourbon Cask,,,14,Scotch Whiskey
Bladnoch Samsara California Red Wine & Bourbon Cask,,,18,Scotch Whiskey
Bowmore 12yr,,,16,Scotch Whiskey
Bruichladdich Classic Laddie,,,18,Scotch Whiskey
Bruichladdich Port Charlotte Heavily Peated,,,22,Scotch Whiskey
Bunnahabhain Scott's Selection 1977,,,150,Scotch Whiskey
Bunnahabhain 12yr,21,11,,Scotch Whiskey
Cadenhead Bunnahabhain 7r,20,10,,Scotch Whiskey
Cadenhead Ardmore 11yr,22,11,,Scotch Whiskey
Campbelltown Loch,16,,,Scotch Whiskey
Clydeside,20,10,,Scotch Whiskey
Alexander Murray Caol Ila 8yr,60,30,15,Scotch Whiskey
Caol Ila 12yr,24,12,,Scotch Whiskey
Caol Ila Stitchell Reserve 2013 Release,,30,15,Scotch Whiskey
Cragganmore 21yr 1989,,,30,Scotch Whiskey
Craigellachie 13yr,20,10,,Scotch Whiskey
Dalmore 12yr,,,16,Scotch Whiskey
Dalmore 15yr,,,18,Scotch Whiskey
Duncan Taylor Blair Athol 23yr,,,40,Scotch Whiskey
Duncan Taylor Highland Park 19yr,80,40,20,Scotch Whiskey
Duncan Taylor Ivergordon 38yr,,,60,Scotch Whiskey
Duncan Taylor Linkwood 19yr,,,30,Scotch Whiskey
Duncan Taylor Springbank 18yr,,,30,Scotch Whiskey
Edradour Straight From the Cask 10yr Sherry Butt (2019 bottling),,50,25,Scotch Whiskey
English Whisky Co.,,,25,Scotch Whiskey
GlenAllachie 10yr Cask Strength,24,12,,Scotch Whiskey
GlenAllachie 12yr,,,16,Scotch Whiskey
GlenDronach 12yr,,,16,Scotch Whiskey
GlenDronach 19yr 1995 Release,120,60,30,Scotch Whiskey
GlenDronach 1996,,,50,Scotch Whiskey
GlenDronach Allardice 18yr,26,13,,Scotch Whiskey
GlenDronach Peated,,,40,Scotch Whiskey
Glenfarclas 21yr,35,18,,Scotch Whiskey
Glenfiddich 12yr,,,14,Scotch Whiskey
Glenfiddich Gran Reserva 21yr,,60,30,Scotch Whiskey
Glenfiddich Grand Cru 23yr Cuvée Cask,,60,30,Scotch Whiskey
Glenfiddich IPA Cask Finish,,,18,Scotch Whiskey
Glenlivet 12yr,20,10,,Scotch Whiskey
Glenlivet 14yr Congac Cask,,,16,Scotch Whiskey
Glenlivet 15yr French Oak,,,18,Scotch Whiskey
Glenlivet 20yr French Oak 1983,,,40,Scotch Whiskey
Glenmorangie 10yr,,,15,Scotch Whiskey
Glen Scotia Campbeltown Malt Fest 2023,24,12,,Scotch Whiskey
Gordon & MacPhail Bunnahabhain 8yr,,,15,Scotch Whiskey
Gordon & MacPhail Connoisseurs Choice Old Pulteney 15yr,,100,50,Scotch Whiskey
Gordon & MacPhail Connoisseurs Choice Tomatin 20yr,,100,50,Scotch Whiskey
Gordon & MacPhail Highland Park 8yr,,,15,Scotch Whiskey
Gordon & MacPhail Longmorn 10yr,,60,30,Scotch Whiskey
Gordon & MacPhail Port Ellen 1982,,,200,Scotch Whiskey
Highland Park 12yr,,,17,Scotch Whiskey
Highland Park 15yr,23,,,Scotch Whiskey
Highland Park 18yr,50,25,13,Scotch Whiskey
Highland Park 21yr,100,50,25,Scotch Whiskey
Inchmurrin 28yr,,,50,Scotch Whiskey
Jura 10yr,,,14,Scotch Whiskey
Kilchoman 2007 Vintage,,60,30,Scotch Whiskey
Kilchoman Comriach,35,18,,Scotch Whiskey
Kilchoman Machir Bay,,,16,Scotch Whiskey
Kilchoman USA Small Batch #6,,40,20,Scotch Whiskey
Kilchoman USA Small Batch #7,,40,20,Scotch Whiskey
Knockando 1975,,,100,Scotch Whiskey
Lagavulin 8yr,,,17,Scotch Whiskey
Lagavulin 16yr,32,16,,Scotch Whiskey
Laphroaig 10yr,,,16,Scotch Whiskey
Laphroaig 25yr,,100,50,Scotch Whiskey
Longmorn 12yr,,60,30,Scotch Whiskey
Macallan 12yr,25,13,,Scotch Whiskey
Macallan Harmony,,20,10,Scotch Whiskey
Miltonduff 10yr,,40,20,Scotch Whiskey
Alexander Murray 2005 Laphroaig 12yr,60,30,15,Scotch Whiskey
Murray McDavid Laphroaig 1999 10yr,,,30,Scotch Whiskey
Murray McDavid Bunnahabhain 1997 13yr Château Lafite Cask,,,30,Scotch Whiskey
Murray McDavid Bowmore 1999 11yr,,,30,Scotch Whiskey
Murray McDavid Caol Ila 1990 17yr,,,30,Scotch Whiskey
Murray McDavid Mortlach 1990 18yr Leroy Vosne Romanee,,80,40,Scotch Whiskey
Oban 14yr,26,13,,Scotch Whiskey
Oban 18yr,40,20,10,Scotch Whiskey
Port Askaig 110pf,20,10,,Scotch Whiskey
Port Askaig 25yr,,60,30,Scotch Whiskey
Rosebank 21yr,,,200,Scotch Whiskey
Samaroli 1980 Caol Ila,,,60,Scotch Whiskey
Samaroli 1989 Glenburgie,,,60,Scotch Whiskey
Samaroli 1992 Glen Scotia,,,60,Scotch Whiskey
Samaroli 1967 Tomintoul,,,100,Scotch Whiskey
Signatory Vintage 1990 Caol Ila 15yr,60,30,15,Scotch Whiskey
Signatory Vintage 1997 Glenlivet 16yr,,40,20,Scotch Whiskey
Signatory Vintage 2006 Glenlivet 11yr,40,20,10,Scotch Whiskey
Signatory Vintage Highland Park 15yr,80,40,20,Scotch Whiskey
Signatory Vintage 2007 Inchgower 11yr,,30,15,Scotch Whiskey
Signatory Vintage 1998 Laphroaig 15yr,,40,20,Scotch Whiskey
Signatory Vintage 1992 Longmorn 18yr,,50,25,Scotch Whiskey
Single Cask Nation Benrinnes 10yr,24,12,,Scotch Whiskey
Single Cask Nation Caol Ila 8yr,22,11,,Scotch Whiskey
Single Cask Nation Inchgower 10yr,30,15,,Scotch Whiskey
Single Cask Nation Linkwood 13yr,40,20,10,Scotch Whiskey
"Single Cask Nation ""Take 2""",20,10,,Scotch Whiskey
Single Malts of Scotland Highland Park 16yr,60,30,15,Scotch Whiskey
Springbank 10yr,30,15,,Scotch Whiskey
Talisker 10yr,,,18,Scotch Whiskey
Talisker Storm,20,10,,Scotch Whiskey
The Maltman Highland Park 11yr,,,20,Scotch Whiskey
Tomatin 18yr,20,10,,Scotch Whiskey
Tomatin Pedro Ximenez Cask 12yr,,40,20,Scotch Whiskey
Tomintoul 12yr,,,15,Scotch Whiskey
Tomintoul 14yr,24,12,,Scotch Whiskey
Tomintoul 16yr,,,18,Scotch Whiskey
Tomintoul Peated,20,10,,Scotch Whiskey
Tomintoul 21yr Speyside Glenlivet,40,20,10,Scotch Whiskey